type,id,project_added
node,5040,Grid_Cache_ C66_350E
node,5041,Grid_Cache_ C66_350E
node,5042,Grid_Cache_ C66_350E
link,7980,Grid_Cache_ C66_350E
link,7981,Grid_Cache_ C66_350E
link,7982,Grid_Cache_ C66_350E
link,7983,Grid_Cache_ C66_350E
link,7984,Grid_Cache_ C66_350E
link,7985,Grid_Cache_ C66_350E
link,7986,Grid_Cache_ C66_350E
link,7987,Grid_Cache_ C66_350E
link,7988,Grid_Cache_ C66_350E
link,7989,Grid_Cache_ C66_350E
link,7990,Grid_Cache_ C66_350E
link,7991,Grid_Cache_ C66_350E
link,7992,Grid_Cache_ C66_350E
link,7993,Grid_Cache_ C66_350E
link,7994,Grid_Cache_ C66_350E
link,7995,Grid_Cache_ C66_350E
